Plot,Prediction_weight,Target_weight,RISKLEVEL
1,2211.435061,4422.870122,High RISK
2,2330.121346,4660.242692,High RISK
3,918.156734,1836.313468,Low RISK
4,2443.533413,4887.066826,High RISK
5,967.9045771,1935.809154,Low RISK
6,1018.996703,2037.993407,Low RISK
7,400.6736604,801.3473208,No RISK
8,432.2004776,864.4009553,No RISK
