week,Plot,Preweight,TarPreweight
8,1,2211.435061,4422.870122
8,2,2330.121346,4660.242692
8,3,918.156734,1836.313468
8,4,2443.533413,4887.066826
8,5,967.9045771,1935.809154
8,6,1018.996703,2037.993407
8,7,400.6736604,801.3473208
8,8,432.2004776,864.4009553
